id,project_name
1,project6820544
2,project8948515
3,project6491205
4,project2589535
5,project2300340
6,project6677622
7,project0950028
8,project1849130
9,project7390091
10,project1380204
11,project2124197
12,project4786011
13,project1809031
14,project4552989
15,project7035714
16,project7240837
17,project0311767
18,project4115188
19,project2780077
20,project1254738
21,project9019178
22,project1599446
23,project3956344
24,project7376007
25,project4846389
26,project7122459
27,project6768129
28,project4790582
29,project1133073
30,project6531265
31,project6288166
32,project1540812
33,project3461929
34,project6033703
35,project3007565
36,project0408529
37,project0913645
38,project1341258
39,project0087698
40,project2445058
41,project2798075
42,project1009296
43,project3351690
44,project3108420
45,project7066227
46,project5340984
47,project4629217
48,project6843307
49,project1928110
50,project4262844
51,project7598648
52,project2444848
53,project8153842
54,project7386150
55,project9608040
56,project0070574
57,project9349160
58,project1376141
59,project3556062
60,project0448105
61,project4427825
62,project2065830
63,project1181882
64,project3302397
65,project4344786
66,project5140101
67,project1938031
68,project6308010
69,project5267131
70,project0930164
71,project5239843
72,project3583783
73,project9184054
74,project9142143
75,project6518208
76,project6082566
77,project8470074
78,project3642437
79,project3485436
80,project8692747
81,project3749198
82,project1080479
83,project8505518
84,project8666392
85,project2879643
86,project3514135
87,project3713233
88,project1576925
89,project7113645
90,project6024448
91,project3297381
92,project3552462
93,project2767950
94,project8966603
95,project2258344
96,project6897245
97,project3409752
98,project2655998
99,project1654831
100,project6076484
101,project3100781
102,project7520715
103,project7396587
104,project8170696
105,project0241222
106,project4517753
107,project0623828
108,project8072159
109,project4660609
110,project6710379
111,project5153079
112,project8726215
113,project8143696
114,project5823096
115,project7053563
116,project9874444
117,project9761180
118,project9780350
119,project2212222
120,project7984942
121,project7929772
122,project6250084
123,project6737348
124,project5211119
125,project2436870
126,project9011892
127,project5309923
128,project0696035
129,project3074617
130,project5706760
131,project4017565
132,project0151352
133,project0298810
134,project3022833
135,project1147397
136,project0139159
137,project9511296
138,project7866002
139,project4754049
140,project7118489
141,project6019029
142,project6557410
143,project7170884
144,project8175502
145,project3116572
146,project8935127
147,project4512364
148,project3229630
149,project0860702
150,project0654216
151,project4351247
152,project3258481
153,project4354151
154,project7414530
155,project9572609
156,project3830717
157,project7151889
158,project0545856
159,project1930888
160,project2212167
161,project6226728
162,project8758082
163,project9449960
164,project4605619
165,project7007275
166,project6695748
167,project7004060
168,project5971636
169,project3030496
170,project3662336
171,project8757844
172,project0011217
173,project2808799
174,project6990078
175,project1084933
176,project2535879
177,project1045003
178,project5699897
179,project4924806
180,project0388015
181,project0816959
182,project8987133
183,project3441663
184,project3158350
185,project0298446
186,project6407145
187,project5566212
188,project4513371
189,project4729722
190,project7012093
191,project2869469
192,project2738417
193,project8005332
194,project5192844
195,project2701097
196,project1406357
197,project5736380
198,project2625450
199,project6030407
200,project7916310
201,project6158308
202,project8738397
203,project1798950
204,project7529382
205,project0283182
206,project1001936
207,project1580620
208,project3569079
209,project2243455
210,project6169060
211,project7792675
212,project1930579
213,project7425162
214,project1292920
215,project0423445
216,project1796477
217,project0837575
218,project4651239
219,project4727804
220,project0467758
221,project7907676
222,project0849108
223,project6627717
224,project9959560
225,project8239341
226,project0615103
227,project8924078
228,project0043478
229,project7904493
230,project6004609
231,project5768335
232,project4998311
233,project0830154
234,project1516146
235,project6023966
236,project9672080
237,project9248508
238,project0159869
239,project2887991
240,project5522711
241,project2021325
242,project1336570
243,project8122176
244,project7065833
245,project7383039
246,project3709588
247,project0698149
248,project5416087
249,project7155326
250,project1073958
251,project1091258
252,project3208670
253,project1679948
254,project9103695
255,project8242185
256,project2778608
257,project5881050
258,project8831509
259,project2463256
260,project7524797
261,project5048079
262,project2153769
263,project6121232
264,project5936231
265,project6905435
266,project6202936
267,project3057476
268,project9509146
269,project0271277
270,project4992225
271,project9566969
272,project1104378
273,project3863174
274,project4311770
275,project8624211
276,project1599230
277,project8142350
278,project3947072
279,project2413793
280,project8697217
281,project6992021
282,project2924866
283,project0003366
284,project5122713
285,project7628547
286,project2537931
287,project5058610
288,project3185268
289,project9394097
290,project8184910
291,project4994563
292,project7138410
293,project3143244
294,project1671111
295,project0518880
296,project6329649
297,project3279520
298,project0747503
299,project7119468
300,project9485503
301,project6678249
302,project0629521
303,project9983551
304,project8704887
305,project0645290
306,project6291770
307,project7383127
308,project0667294
309,project7772667
310,project8784863
311,project8534936
312,project5623796
313,project0197140
314,project4509818
315,project1377562
316,project0667524
317,project6332301
318,project4399014
319,project2468646
320,project8726974
321,project1058218
322,project8798789
323,project9592720
324,project7543874
325,project0784978
326,project3168647
327,project1390582
328,project5446164
329,project4606647
330,project3093707
331,project2417370
332,project0136881
333,project9098526
334,project6781023
335,project3459675
336,project5684212
337,project0847162
338,project6367533
339,project7660902
340,project8006561
341,project2106605
342,project0945388
343,project4606649
344,project2577944
345,project3118081
346,project6035833
347,project5560932
348,project8511169
349,project5225066
350,project1329154
351,project7469777
352,project0685581
353,project3836362
354,project5633751
355,project9036454
356,project1775550
357,project6907301
358,project0836149
359,project2237294
360,project9609098
361,project7223286
362,project6204420
363,project9191151
364,project5638759
365,project4462267
366,project3809353
367,project3908747
368,project8158730
369,project0445793
370,project5125645
371,project9758186
372,project0631733
373,project2124912
374,project1809985
375,project8177353
376,project4145893
377,project9707528
378,project1820783
379,project5368439
380,project8207263
381,project7748049
382,project8052535
383,project4180136
384,project4825800
385,project5114933
386,project6673521
387,project4076079
388,project0662260
389,project6813775
390,project6300686
391,project5783155
392,project9415213
393,project6907468
394,project7279025
395,project0644467
396,project0440490
397,project1828385
398,project0183374
399,project7445940
400,project2613083
401,project1038071
402,project7997722
403,project7988900
404,project1812527
405,project0225386
406,project6506271
407,project2013688
408,project3918399
409,project1671005
410,project2566904
411,project2007702
412,project1120614
413,project9452572
414,project7459823
415,project8932650
416,project4829776
417,project6930465
418,project3473720
419,project7535030
420,project1740698
421,project4865404
422,project4905431
423,project0413300
424,project1587483
425,project9550361
426,project9456814
427,project3333678
428,project6993578
429,project9717687
430,project4766330
431,project6541944
432,project9145714
433,project7486853
434,project1164333
435,project8163117
436,project6050663
437,project7001489
438,project4041251
439,project9763444
440,project2886929
441,project1488007
442,project3571501
443,project3323821
444,project0903112
445,project9390203
446,project1806664
447,project2937302
448,project3678127
449,project1260634
450,project1136376
451,project4101200
452,project0793893
453,project2507953
454,project6408400
455,project6481185
456,project5413656
457,project5026293
458,project4505170
459,project2002210
460,project3603165
461,project5098072
462,project5758021
463,project8815953
464,project8513320
465,project0643795
466,project5172618
467,project4385774
468,project6775494
469,project1224895
470,project3171270
471,project5342619
472,project4204809
473,project0915133
474,project2779893
475,project1150509
476,project4233633
477,project1985476
478,project1494106
479,project2262173
480,project3078875
481,project2581955
482,project5606369
483,project1796713
484,project3978505
485,project2322418
486,project1516970
487,project5379706
488,project1400467
489,project5324800
490,project7558206
491,project0226671
492,project1689555
493,project1466375
494,project5828107
495,project5349830
496,project1999537
497,project2330333
498,project5653566
499,project0518335
500,project7042651
501,project4177149
502,project8912987
503,project9054071
504,project3860273
505,project3303426
506,project8774353
507,project9422270
508,project7727731
509,project5371748
510,project2246549
511,project5965395
512,project2323958
513,project7949551
514,project4959407
515,project7006353
516,project0384009
517,project9979109
518,project4776799
519,project2966400
520,project3281673
521,project8546570
522,project6243935
523,project4688435
524,project4249763
525,project3222404
526,project9291018
527,project6378939
528,project3708837
529,project9021549
530,project7388234
531,project2478369
532,project2807909
533,project9535297
534,project5489220
535,project2832306
536,project4615547
537,project0112602
538,project2426091
539,project0157636
540,project3737933
541,project1224985
542,project4106963
543,project0297983
544,project7347169
545,project3016777
546,project1500437
547,project4052804
548,project5355345
549,project1605199
550,project8219410
551,project8741910
552,project6682885
553,project3832867
554,project5459539
555,project9937630
556,project5450293
557,project5715631
558,project0704771
559,project4457380
560,project1043382
561,project1695125
562,project4320985
563,project4490529
564,project7847359
565,project6380167
566,project9502381
567,project8137995
568,project1485599
569,project5408060
570,project1634091
571,project4215909
572,project9352979
573,project7282761
574,project6089609
575,project0376620
576,project1880187
577,project5464782
578,project1574144
579,project7860205
580,project7171272
581,project5983745
582,project3021183
583,project9930524
584,project2545984
585,project7007169
586,project4150540
587,project2914550
588,project4218136
589,project7942570
590,project4678032
591,project5826647
592,project1410091
593,project4978903
594,project6836476
595,project4374694
596,project8978146
597,project2997032
598,project1937717
599,project0174250
600,project8854112
601,project7298819
602,project2145133
603,project8563205
604,project2665765
605,project5631547
606,project6673882
607,project4583436
608,project8556553
609,project0467932
610,project7923640
611,project7344839
612,project1140625
613,project9469319
614,project5338277
615,project2030533
616,project3580271
617,project1615128
618,project0893199
619,project3410264
620,project3058116
621,project8698616
622,project7839403
623,project8131704
624,project8185710
625,project1189965
626,project7975086
627,project8138318
628,project9782366
629,project6422412
630,project3749751
631,project2283986
632,project6302620
633,project4274606
634,project4398857
635,project7084038
636,project8590197
637,project6353581
638,project8625775
639,project5999240
640,project0600902
641,project6839788
642,project0892476
643,project6969221
644,project0794787
645,project8392973
646,project3390796
647,project4607332
648,project7494505
649,project5141930
650,project6466744
651,project3691870
652,project6842695
653,project4172099
654,project2040957
655,project8420057
656,project9413859
657,project9626142
658,project7445866
659,project2736530
660,project9665757
661,project7574336
662,project0218245
663,project7186855
664,project3212557
665,project6193781
666,project9863324
667,project8158732
668,project4613489
669,project0103829
670,project0252258
671,project0854953
672,project1010121
673,project0277629
674,project1053234
675,project5261212
676,project6798188
677,project7305400
678,project5224950
679,project3772343
680,project1487745
681,project4675575
682,project7977158
683,project3857780
684,project2724301
685,project2813850
686,project1478082
687,project0316423
688,project1697049
689,project7414676
690,project5770192
691,project7493987
692,project6883305
693,project4429099
694,project0046802
695,project1116562
696,project8472834
697,project6732400
698,project5078602
699,project1824355
700,project6023641
701,project7845493
702,project4302894
703,project1287071
704,project8351194
705,project0214812
706,project0878286
707,project6511889
708,project3598953
709,project4166105
710,project2728710
711,project7818400
712,project5830153
713,project0894031
714,project7916296
715,project3665729
716,project9355589
717,project1398774
718,project3424345
719,project6425027
720,project8600420
721,project1650200
722,project3779047
723,project8276051
724,project9398482
725,project2254898
726,project5558916
727,project7736076
728,project9701216
729,project1608594
730,project2970820
731,project7835347
732,project0332833
733,project5439359
734,project3655065
735,project3703883
736,project1397664
737,project8058390
738,project7518818
739,project9110358
740,project8095661
741,project7169693
742,project3420083
743,project9321184
744,project6192151
745,project3399299
746,project7979774
747,project1489986
748,project5226024
749,project7725005
750,project1194865
751,project9013037
752,project2665970
753,project4891343
754,project8784360
755,project4511167
756,project2620712
757,project6354048
758,project2579863
759,project0894936
760,project7315320
761,project6062104
762,project8042901
763,project8318397
764,project2262994
765,project0093114
766,project2287720
767,project0025279
768,project8710279
769,project1030971
770,project8504476
771,project0710119
772,project3529574
773,project7845197
774,project8353196
775,project4616694
776,project9442445
777,project8492040
778,project7002430
779,project8301406
780,project8091690
781,project0286076
782,project8600715
783,project1610520
784,project1346253
785,project1266682
786,project8270478
787,project3239576
788,project2038211
789,project4647276
790,project2339704
791,project7746847
792,project3689822
793,project0834880
794,project8249369
795,project0462043
796,project8984734
797,project5557664
798,project7594936
799,project9399518
800,project1513084
801,project9764901
802,project1110209
803,project9863145
804,project2608420
805,project1336953
806,project7728639
807,project1386826
808,project4595355
809,project4504203
810,project1529072
811,project1937171
812,project5837395
813,project5638180
814,project2334255
815,project2912827
816,project2702747
817,project3438870
818,project9660097
819,project1567192
820,project4616028
821,project6700550
822,project3238135
823,project6150234
824,project3450268
825,project6481590
826,project8051881
827,project8547817
828,project1872414
829,project3363069
830,project8395721
831,project5939789
832,project8462201
833,project0363234
834,project3506915
835,project1916794
836,project5690199
837,project6923239
838,project2000168
839,project7823574
840,project0275332
841,project0067221
842,project0813391
843,project9296198
844,project0386211
845,project2045359
846,project3425875
847,project4215087
848,project9505060
849,project6336881
850,project9792580
851,project1054940
852,project4894465
853,project4620796
854,project4896427
855,project8136814
856,project4281968
857,project2494990
858,project4543971
859,project5832760
860,project0632274
861,project7710590
862,project1971504
863,project5841367
864,project6206601
865,project9827772
866,project7653130
867,project7237155
868,project0282186
869,project2772896
870,project6992269
871,project6162390
872,project6993096
873,project9634472
874,project0180556
875,project3804599
876,project6021189
877,project1742721
878,project5502554
879,project0555365
880,project6301187
881,project5631858
882,project9303078
883,project4488916
884,project8389030
885,project0400528
886,project5531493
887,project5819036
888,project1822635
889,project2833427
890,project1783726
891,project6023121
892,project9894917
893,project0637673
894,project8304744
895,project0637790
896,project4958075
897,project5824279
898,project8702405
899,project7650697
900,project9445891
901,project9068472
902,project9157715
903,project5236941
904,project0357062
905,project2966205
906,project4308980
907,project2410865
908,project8696390
909,project6919846
910,project8216971
911,project4314266
912,project9914266
913,project1500550
914,project4597566
915,project4275857
916,project4392167
917,project3039383
918,project0162564
919,project4200870
920,project7639093
921,project0239080
922,project8921558
923,project0492696
924,project2723519
925,project9367795
926,project3413007
927,project8764402
928,project4856069
929,project4120593
930,project2663181
931,project3019047
932,project6095277
933,project8782411
934,project4569836
935,project6963294
936,project0497630
937,project9302862
938,project9919163
939,project4776881
940,project9099407
941,project1529312
942,project0764335
943,project8527936
944,project9686323
945,project8065949
946,project4748699
947,project5292161
948,project8121988
949,project0197203
950,project3359823
951,project7656178
952,project5273390
953,project8419661
954,project4407774
955,project5784818
956,project2876008
957,project7836033
958,project3166035
959,project6212014
960,project6056337
961,project8469013
962,project4740860
963,project6514645
964,project0805779
965,project6406705
966,project3305699
967,project7396958
968,project2845222
969,project9742751
970,project3317872
971,project9167110
972,project5494530
973,project4591341
974,project6370348
975,project7257440
976,project0872587
977,project7935572
978,project4718490
979,project8511041
980,project2511802
981,project3491506
982,project6451225
983,project7865791
984,project8267655
985,project6651120
986,project7865528
987,project4982806
988,project9039760
989,project5523813
990,project6112289
991,project0585902
992,project6023332
993,project2690883
994,project1391072
995,project6826675
996,project2091082
997,project1942585
998,project1137378
999,project3681550
1000,project9858373
1001,project6653290
1002,project8720055
1003,project3307466
1004,project5899742
1005,project6626810
1006,project7926064
1007,project5873734
1008,project2771701
1009,project3094638
1010,project0398074
1011,project3959376
1012,project4993356
1013,project3816477
1014,project7911338
1015,project5539787
1016,project1667604
1017,project3895101
1018,project7926087
1019,project7147046
1020,project8276533
1021,project1293308
1022,project1219080
1023,project4273072
1024,project3957712
1025,project5421166
1026,project8246666
1027,project8884128
1028,project8649682
1029,project0974673
1030,project3889655
1031,project8972529
1032,project1591915
1033,project9988067
1034,project6245062
1035,project0483426
1036,project3140986
1037,project2380280
1038,project1697034
1039,project9616252
1040,project1918839
1041,project6849775
1042,project3431973
1043,project1216572
1044,project2228520
1045,project2649012
1046,project2317320
1047,project6764541
1048,project5430340
1049,project7027700
1050,project9520836
1051,project9687616
1052,project0596904
1053,project0303532
1054,project9997821
1055,project3836900
1056,project8738545
1057,project2911234
1058,project8053294
1059,project9315071
1060,project0549064
1061,project9096478
1062,project4195584
1063,project4944377
1064,project6386004
1065,project9632846
1066,project7852449
1067,project9154945
1068,project2138220
1069,project5752261
1070,project7569440
1071,project2841678
1072,project9715791
1073,project3641295
1074,project0835000
1075,project2487335
1076,project2563729
1077,project9300539
1078,project1146123
1079,project2972025
1080,project8205407
1081,project1599092
1082,project4489195
1083,project0821398
1084,project5220774
1085,project2622728
1086,project5112989
1087,project9322094
1088,project6889691
1089,project6198780
1090,project8487976
1091,project1960332
1092,project5897427
1093,project9046451
1094,project6775391
1095,project8587354
1096,project0445246
1097,project7639575
1098,project2205881
1099,project2232553
1100,project7901337
1101,project1944756
1102,project1229062
1103,project2294273
1104,project2633438
1105,project1538723
1106,project1127780
1107,project9731990
1108,project0054600
1109,project7655025
1110,project9286304
1111,project6521537
1112,project2307904
1113,project5775518
1114,project7330903
1115,project9999929
1116,project7889966
1117,project9332626
1118,project6693662
1119,project2692238
1120,project5728030
1121,project1410617
1122,project6292771
1123,project2952271
1124,project0357571
1125,project5626746
1126,project3077610
1127,project0481404
1128,project0572048
1129,project4920850
1130,project8523973
1131,project5843017
1132,project9119347
1133,project6390935
1134,project6506892
1135,project7178486
1136,project6671226
1137,project7480046
1138,project4822022
1139,project1884962
1140,project8684796
1141,project7519599
1142,project0667454
1143,project3488008
1144,project2019547
1145,project5116953
1146,project5463080
1147,project0858164
1148,project8867108
1149,project3272114
1150,project8072458
1151,project9812395
1152,project1040832
1153,project6564118
1154,project1201839
1155,project7806104
1156,project4491303
1157,project3406119
1158,project6263375
1159,project4151381
1160,project3023361
1161,project4683206
1162,project1870566
1163,project8417682
1164,project9815113
1165,project1078148
1166,project6304192
1167,project9687038
1168,project1808004
1169,project6301296
1170,project9143400
1171,project2918007
1172,project9891816
1173,project7065754
1174,project9027547
1175,project1182069
1176,project1391555
1177,project2928365
1178,project3928588
1179,project2722644
1180,project8543368
1181,project5755731
1182,project7651162
1183,project5684451
1184,project3357441
1185,project6973005
1186,project0477678
1187,project0258690
1188,project9234588
1189,project2315848
1190,project8736099
1191,project6555044
1192,project4981784
1193,project3299895
1194,project8272171
1195,project1737288
1196,project0431389
1197,project2654546
1198,project6822882
1199,project0881178
1200,project0259849
1201,project3870621
1202,project1588308
1203,project3482274
1204,project7263112
1205,project7533863
1206,project5431761
1207,project6783283
1208,project0565500
1209,project1873333
1210,project3697098
1211,project5743398
1212,project6823238
1213,project7613034
1214,project1445530
1215,project4778808
1216,project5894677
1217,project4569851
1218,project2881665
1219,project3616984
1220,project5958851
1221,project2545160
1222,project7866704
1223,project5572207
1224,project0433561
1225,project0279816
1226,project3822375
1227,project3577359
1228,project8991073
1229,project1912632
1230,project1490105
1231,project9948043
1232,project5703171
1233,project0968462
1234,project1724953
1235,project3440585
1236,project0485260
1237,project8480369
1238,project4058165
1239,project3727472
1240,project8106556
1241,project8437143
1242,project0933519
1243,project4362829
1244,project6024916
1245,project2536136
1246,project8848296
1247,project5443274
1248,project8348805
1249,project1289117
1250,project5244638
1251,project0477360
1252,project2475812
1253,project6872159
1254,project0198959
1255,project2229940
1256,project9406141
1257,project9500756
1258,project8670210
1259,project5427168
1260,project4178663
1261,project4658364
1262,project7120647
1263,project4973295
1264,project5517941
1265,project1352069
1266,project1000579
1267,project4157273
1268,project8983437
1269,project2421775
1270,project8861158
1271,project2283846
1272,project1482232
1273,project6832488
1274,project7867446
1275,project7228592
1276,project4014040
1277,project0632959
1278,project2903597
1279,project5833846
1280,project8578307
1281,project4545212
1282,project3388365
1283,project6709162
1284,project5582831
1285,project9818255
1286,project8863917
1287,project5835172
1288,project1287521
1289,project4796208
1290,project4246527
1291,project1932269
1292,project9289874
1293,project8107411
1294,project5051543
1295,project6033970
1296,project3811086
1297,project3240292
1298,project0237588
1299,project4316612
1300,project7132599
1301,project9025199
1302,project0956379
1303,project3882518
1304,project2598452
1305,project9516476
1306,project7319373
1307,project8692711
1308,project7578587
1309,project7512546
1310,project7033188
1311,project2909983
1312,project5518297
1313,project5614403
1314,project4474472
1315,project4459635
1316,project7198807
1317,project7686119
1318,project2794275
1319,project3811679
1320,project5688694
1321,project4674764
1322,project6816712
1323,project7015290
1324,project8405998
1325,project0326063
1326,project0618917
1327,project0508509
1328,project7327850
1329,project7573682
1330,project3878803
1331,project6855110
1332,project7109387
1333,project0035115
1334,project6868485
1335,project9520618
1336,project6976435
1337,project6954546
1338,project6380176
1339,project0912481
1340,project2789204
1341,project7339721
1342,project2218239
1343,project1834909
1344,project8645740
1345,project1949215
1346,project3537075
1347,project9222063
1348,project5689210
1349,project6465606
1350,project7215864
1351,project3111289
1352,project7482179
1353,project4676166
1354,project4484025
1355,project7707173
1356,project9584257
1357,project5209810
1358,project4285002
1359,project8191566
1360,project3907290
1361,project4617790
1362,project7552035
1363,project1231071
1364,project1443055
1365,project5082090
1366,project8588975
1367,project6905925
1368,project8574967
1369,project2018091
1370,project2220906
1371,project3623584
1372,project9113993
1373,project7998685
1374,project7110557
1375,project7397722
1376,project1064779
1377,project6630503
1378,project0308236
1379,project8916463
1380,project4464129
1381,project9366146
1382,project2158534
1383,project0201682
1384,project6108603
1385,project3224760
1386,project1537347
1387,project8468520
1388,project8992319
1389,project8486126
1390,project1287376
1391,project8172942
1392,project4016103
1393,project9175934
1394,project2661005
1395,project3455929
1396,project2087816
1397,project8274810
1398,project5172279
1399,project5413652
1400,project9577169
1401,project7109291
1402,project3666549
1403,project2948851
1404,project6386595
1405,project1912263
1406,project5455183
1407,project7648727
1408,project4916164
1409,project8445286
1410,project6511040
1411,project5143827
1412,project7316988
1413,project7626165
1414,project4396848
1415,project7095230
1416,project2497677
1417,project1955232
1418,project9073488
1419,project8830833
1420,project2010380
1421,project9224637
1422,project8820213
1423,project0170660
1424,project8836112
1425,project4653770
1426,project1770118
1427,project8463099
1428,project3366360
1429,project0325468
1430,project3121263
1431,project8753062
1432,project2791886
1433,project7757821
1434,project1861722
1435,project0851302
1436,project3714317
1437,project8286949
1438,project7911384
1439,project2240887
1440,project6677447
1441,project8148852
1442,project5344711
1443,project7210808
1444,project0438306
1445,project2538408
1446,project8458561
1447,project5721288
1448,project6972488
1449,project3882706
1450,project6164492
1451,project4191010
1452,project4192485
1453,project2210637
1454,project1374213
1455,project3756817
1456,project4265961
1457,project5236236
1458,project8762634
1459,project9866887
1460,project7107740
1461,project1539104
1462,project0306127
1463,project0814735
1464,project9091015
1465,project3054956
1466,project3879563
1467,project1317899
1468,project3794506
1469,project2508440
1470,project2995210
1471,project7423635
1472,project6042153
1473,project3553339
1474,project9705163
1475,project3666942
1476,project5392876
1477,project7946312
1478,project8309325
1479,project1985616
1480,project0232582
1481,project0756162
1482,project7078643
1483,project1593376
1484,project0105694
1485,project5875240
1486,project3797744
1487,project2879593
1488,project6002388
1489,project6197443
1490,project2636377
1491,project5116677
1492,project8398807
1493,project4065033
1494,project9474128
1495,project7432973
1496,project4913157
1497,project8166062
1498,project4936418
1499,project5442814
1500,project7815247
1501,project7894276
1502,project7285988
1503,project1266028
1504,project3417458
1505,project6443378
1506,project6322914
1507,project5392611
1508,project2968386
1509,project4950535
1510,project8185275
1511,project3345756
1512,project8427586
1513,project3969134
1514,project0404763
1515,project8492018
1516,project1700239
1517,project8702125
1518,project2004087
1519,project7153267
1520,project7419140
1521,project0582759
1522,project3987098
1523,project2216066
1524,project2786221
1525,project1113893
1526,project8957006
1527,project7063774
1528,project6152092
1529,project8556656
1530,project5480204
1531,project3276560
1532,project4112485
1533,project5354003
1534,project6752879
1535,project1414454
1536,project5527676
1537,project1263587
1538,project9140994
1539,project3237556
1540,project0068201
1541,project2871256
1542,project7007774
1543,project2067394
1544,project8923963
1545,project5308057
1546,project3000449
1547,project1293110
1548,project5167515
1549,project2853667
1550,project3032186
1551,project6537151
1552,project9352065
1553,project8498744
1554,project9409343
1555,project6961424
1556,project0226413
1557,project6522681
1558,project5533220
1559,project7945878
1560,project7136857
1561,project0834957
1562,project9860741
1563,project1923890
1564,project1975948
1565,project7716524
1566,project8783795
1567,project0374076
1568,project1168044
1569,project6901312
1570,project6577311
1571,project4804854
1572,project2786768
1573,project7400240
1574,project5441167
1575,project2411764
1576,project1020038
1577,project5926013
1578,project8598711
1579,project6454300
1580,project3146163
1581,project9219628
1582,project8843968
1583,project9267999
1584,project8201113
1585,project7298001
1586,project5433387
1587,project2243769
1588,project0259075
1589,project5275757
1590,project2247097
1591,project4811510
1592,project1230099
1593,project7498416
1594,project8541385
1595,project1586350
1596,project7089696
1597,project6014773
1598,project2271295
1599,project1770640
1600,project6089636
1601,project7398043
1602,project9837861
1603,project5870351
1604,project3883688
1605,project7289243
1606,project9858415
1607,project0651023
1608,project2883714
1609,project9512543
1610,project7097627
1611,project9298611
1612,project0594225
1613,project3358085
1614,project7907908
1615,project2386746
1616,project3618647
1617,project7219602
1618,project5312931
1619,project6645222
1620,project9696805
1621,project0316881
1622,project4824281
1623,project4839848
1624,project6021821
1625,project3178729
1626,project0491713
1627,project2924448
1628,project0371700
1629,project0241207
1630,project1968814
1631,project6331122
1632,project3216331
1633,project3230592
1634,project6939647
1635,project8582015
1636,project3867996
1637,project5014796
1638,project8735119
1639,project9357724
1640,project2349562
1641,project7358207
1642,project3715191
1643,project3278771
1644,project8928125
1645,project1848525
1646,project5759892
1647,project9025340
1648,project5943804
1649,project7982954
1650,project5980632
1651,project0419582
1652,project9948546
1653,project1161526
1654,project8758214
1655,project2681188
1656,project1804993
1657,project8974790
1658,project8444255
1659,project0719362
1660,project2146447
1661,project4711016
1662,project9369315
1663,project7256304
1664,project2910691
1665,project5362909
1666,project1886690
1667,project7055147
1668,project1167737
1669,project5176988
1670,project3667390
1671,project0508899
1672,project4075862
1673,project7326984
1674,project0610409
1675,project6575929
1676,project2143886
1677,project0570189
1678,project0634826
1679,project1603981
1680,project7602388
1681,project7282484
1682,project8091143
1683,project1770082
1684,project0213394
1685,project5978079
1686,project1155320
1687,project3578699
1688,project5291915
1689,project3288368
1690,project6228630
1691,project1535167
1692,project9006423
1693,project4084174
1694,project6193753
1695,project1221951
1696,project2665258
1697,project7184056
1698,project2442308
1699,project8102538
1700,project9543112
1701,project7462700
1702,project2651913
1703,project3671723
1704,project8382794
1705,project1021448
1706,project9658934
1707,project7572806
1708,project3462124
1709,project2191802
1710,project5011039
1711,project2419702
1712,project2694369
1713,project1054496
1714,project2924031
1715,project7036749
1716,project8724082
1717,project3505196
1718,project2698716
1719,project4217108
1720,project5275090
1721,project7603850
1722,project6588613
1723,project6736241
1724,project2693526
1725,project8245017
1726,project1123273
1727,project2399481
1728,project8885089
1729,project1199873
1730,project5134787
1731,project9852684
1732,project2077594
1733,project8200080
1734,project7336473
1735,project9326748
1736,project3744075
1737,project2287436
1738,project3460788
1739,project4999693
1740,project5470815
1741,project3764715
1742,project6154306
1743,project7826028
1744,project4726325
1745,project3151919
1746,project0036763
1747,project1064140
1748,project1706984
1749,project4688995
1750,project0564137
1751,project7720374
1752,project0296939
1753,project6797568
1754,project6937633
1755,project7927624
1756,project1513444
1757,project5539674
1758,project5700981
1759,project5663862
1760,project7919148
1761,project8487976
1762,project6328393
1763,project8743006
1764,project9305281
1765,project6161397
1766,project9944724
1767,project6787523
1768,project5516347
1769,project4350373
1770,project7222472
1771,project5814506
1772,project5220404
1773,project2075667
1774,project8687081
1775,project9948111
1776,project6765864
1777,project4081094
1778,project4617760
1779,project0884392
1780,project8232520
1781,project3349964
1782,project2225175
1783,project9517848
1784,project4137099
1785,project8555759
1786,project6651488
1787,project4469578
1788,project2817486
1789,project8126219
1790,project7368426
1791,project7404997
1792,project8075115
1793,project5904040
1794,project4338039
1795,project8094508
1796,project2214743
1797,project1112991
1798,project6004565
1799,project9299332
1800,project0530344
1801,project8633015
1802,project1392572
1803,project9480372
1804,project4379400
1805,project2375892
1806,project1360725
1807,project0422933
1808,project6543522
1809,project9631399
1810,project2769055
1811,project6350942
1812,project4319261
1813,project0783536
1814,project4002720
1815,project9375620
1816,project4608299
1817,project8147807
1818,project1588224
1819,project4516296
1820,project5623285
1821,project6488542
1822,project8450017
1823,project2594786
1824,project5026750
1825,project6150796
1826,project1507101
1827,project7093002
1828,project0311173
1829,project9971376
1830,project0170597
1831,project5026665
1832,project5877268
1833,project3687991
1834,project0372874
1835,project4906815
1836,project6831797
1837,project7026007
1838,project4272353
1839,project8284573
1840,project8306600
1841,project6365150
1842,project0305280
1843,project6445398
1844,project0074939
1845,project0836679
1846,project3852462
1847,project0118541
1848,project3179045
1849,project4157962
1850,project5063634
1851,project7077859
1852,project8926598
1853,project1354810
1854,project5501576
1855,project4175091
1856,project1553513
1857,project0917069
1858,project8178685
1859,project3382164
1860,project6510335
1861,project1501305
1862,project7544543
1863,project7822904
1864,project5775386
1865,project2052838
1866,project2670005
1867,project0294274
1868,project0817960
1869,project0609169
1870,project0784036
1871,project8298100
1872,project7636691
1873,project9911840
1874,project3485093
1875,project4736901
1876,project9960558
1877,project1826011
1878,project7120359
1879,project0415540
1880,project7784727
1881,project3639658
1882,project6795691
1883,project3269496
1884,project1466316
1885,project4114333
1886,project5673215
1887,project5333872
1888,project2391746
1889,project6212349
1890,project8096385
1891,project5712010
1892,project4970623
1893,project8139826
1894,project4565848
1895,project8885946
1896,project9140328
1897,project7584691
1898,project2007630
1899,project6681904
1900,project0351565
1901,project5360234
1902,project1619268
1903,project4279930
1904,project0709480
1905,project4632938
1906,project3928748
1907,project1717738
1908,project7495434
1909,project7144671
1910,project4213109
1911,project6019898
1912,project7348478
1913,project8065386
1914,project3833552
1915,project2294050
1916,project5019952
1917,project6064265
1918,project5303810
1919,project9476763
1920,project9632503
1921,project4647201
1922,project0494653
1923,project6328457
1924,project6985954
1925,project6797586
1926,project7654383
1927,project3847356
1928,project2944638
1929,project1680371
1930,project2238401
1931,project9214901
1932,project2501296
1933,project3144594
1934,project1639536
1935,project1772389
1936,project9534769
1937,project9103061
1938,project1678920
1939,project4197203
1940,project6629876
1941,project1999096
1942,project8880022
1943,project5749205
1944,project4709212
1945,project0183551
1946,project6766050
1947,project5255528
1948,project5664709
1949,project6482637
1950,project7696434
1951,project8646057
1952,project3430173
1953,project9459587
1954,project5338108
1955,project9553865
1956,project4819609
1957,project4564473
1958,project8613534
1959,project4428716
1960,project7317913
1961,project7988036
1962,project9267840
1963,project6765291
1964,project1281062
1965,project3398356
1966,project0565920
1967,project2234016
1968,project6703378
1969,project0618177
1970,project8033159
1971,project3256098
1972,project9041966
1973,project3765114
1974,project9229324
1975,project8303185
1976,project4917026
1977,project9502409
1978,project0846501
1979,project8838505
1980,project4029241
1981,project4061515
1982,project7294941
1983,project5938881
1984,project6986425
1985,project3452287
1986,project0213303
1987,project9152211
1988,project4759955
1989,project2858439
1990,project2638265
1991,project2491815
1992,project1955149
1993,project9417909
1994,project1902711
1995,project0617500
1996,project6586148
1997,project5103354
1998,project0074815
1999,project7641064
2000,project1547548